,login,id,node_id,avatar_url,gravatar_id,url,html_url,followers_url,following_url,gists_url,starred_url,subscriptions_url,organizations_url,repos_url,events_url,received_events_url,type,site_admin
0,bzhaoopenstack,11386522,MDQ6VXNlcjExMzg2NTIy,https://avatars.githubusercontent.com/u/11386522?v=4,,https://api.github.com/users/bzhaoopenstack,https://github.com/bzhaoopenstack,https://api.github.com/users/bzhaoopenstack/followers,https://api.github.com/users/bzhaoopenstack/following{/other_user},https://api.github.com/users/bzhaoopenstack/gists{/gist_id},https://api.github.com/users/bzhaoopenstack/starred{/owner}{/repo},https://api.github.com/users/bzhaoopenstack/subscriptions,https://api.github.com/users/bzhaoopenstack/orgs,https://api.github.com/users/bzhaoopenstack/repos,https://api.github.com/users/bzhaoopenstack/events{/privacy},https://api.github.com/users/bzhaoopenstack/received_events,User,False
0,PriestlyAdejo,108146732,U_kgDOBnIwLA,https://avatars.githubusercontent.com/u/108146732?v=4,,https://api.github.com/users/PriestlyAdejo,https://github.com/PriestlyAdejo,https://api.github.com/users/PriestlyAdejo/followers,https://api.github.com/users/PriestlyAdejo/following{/other_user},https://api.github.com/users/PriestlyAdejo/gists{/gist_id},https://api.github.com/users/PriestlyAdejo/starred{/owner}{/repo},https://api.github.com/users/PriestlyAdejo/subscriptions,https://api.github.com/users/PriestlyAdejo/orgs,https://api.github.com/users/PriestlyAdejo/repos,https://api.github.com/users/PriestlyAdejo/events{/privacy},https://api.github.com/users/PriestlyAdejo/received_events,User,False
0,PriestlyAdejo,108146732,U_kgDOBnIwLA,https://avatars.githubusercontent.com/u/108146732?v=4,,https://api.github.com/users/PriestlyAdejo,https://github.com/PriestlyAdejo,https://api.github.com/users/PriestlyAdejo/followers,https://api.github.com/users/PriestlyAdejo/following{/other_user},https://api.github.com/users/PriestlyAdejo/gists{/gist_id},https://api.github.com/users/PriestlyAdejo/starred{/owner}{/repo},https://api.github.com/users/PriestlyAdejo/subscriptions,https://api.github.com/users/PriestlyAdejo/orgs,https://api.github.com/users/PriestlyAdejo/repos,https://api.github.com/users/PriestlyAdejo/events{/privacy},https://api.github.com/users/PriestlyAdejo/received_events,User,False
0,GivyBoy,58392771,MDQ6VXNlcjU4MzkyNzcx,https://avatars.githubusercontent.com/u/58392771?v=4,,https://api.github.com/users/GivyBoy,https://github.com/GivyBoy,https://api.github.com/users/GivyBoy/followers,https://api.github.com/users/GivyBoy/following{/other_user},https://api.github.com/users/GivyBoy/gists{/gist_id},https://api.github.com/users/GivyBoy/starred{/owner}{/repo},https://api.github.com/users/GivyBoy/subscriptions,https://api.github.com/users/GivyBoy/orgs,https://api.github.com/users/GivyBoy/repos,https://api.github.com/users/GivyBoy/events{/privacy},https://api.github.com/users/GivyBoy/received_events,User,False
0,mattB1989,13086632,MDQ6VXNlcjEzMDg2NjMy,https://avatars.githubusercontent.com/u/13086632?v=4,,https://api.github.com/users/mattB1989,https://github.com/mattB1989,https://api.github.com/users/mattB1989/followers,https://api.github.com/users/mattB1989/following{/other_user},https://api.github.com/users/mattB1989/gists{/gist_id},https://api.github.com/users/mattB1989/starred{/owner}{/repo},https://api.github.com/users/mattB1989/subscriptions,https://api.github.com/users/mattB1989/orgs,https://api.github.com/users/mattB1989/repos,https://api.github.com/users/mattB1989/events{/privacy},https://api.github.com/users/mattB1989/received_events,User,False
0,bherwerth,108834862,U_kgDOBnywLg,https://avatars.githubusercontent.com/u/108834862?v=4,,https://api.github.com/users/bherwerth,https://github.com/bherwerth,https://api.github.com/users/bherwerth/followers,https://api.github.com/users/bherwerth/following{/other_user},https://api.github.com/users/bherwerth/gists{/gist_id},https://api.github.com/users/bherwerth/starred{/owner}{/repo},https://api.github.com/users/bherwerth/subscriptions,https://api.github.com/users/bherwerth/orgs,https://api.github.com/users/bherwerth/repos,https://api.github.com/users/bherwerth/events{/privacy},https://api.github.com/users/bherwerth/received_events,User,False
0,ravindrabajpai,1445512,MDQ6VXNlcjE0NDU1MTI=,https://avatars.githubusercontent.com/u/1445512?v=4,,https://api.github.com/users/ravindrabajpai,https://github.com/ravindrabajpai,https://api.github.com/users/ravindrabajpai/followers,https://api.github.com/users/ravindrabajpai/following{/other_user},https://api.github.com/users/ravindrabajpai/gists{/gist_id},https://api.github.com/users/ravindrabajpai/starred{/owner}{/repo},https://api.github.com/users/ravindrabajpai/subscriptions,https://api.github.com/users/ravindrabajpai/orgs,https://api.github.com/users/ravindrabajpai/repos,https://api.github.com/users/ravindrabajpai/events{/privacy},https://api.github.com/users/ravindrabajpai/received_events,User,False
0,rhshadrach,45562402,MDQ6VXNlcjQ1NTYyNDAy,https://avatars.githubusercontent.com/u/45562402?v=4,,https://api.github.com/users/rhshadrach,https://github.com/rhshadrach,https://api.github.com/users/rhshadrach/followers,https://api.github.com/users/rhshadrach/following{/other_user},https://api.github.com/users/rhshadrach/gists{/gist_id},https://api.github.com/users/rhshadrach/starred{/owner}{/repo},https://api.github.com/users/rhshadrach/subscriptions,https://api.github.com/users/rhshadrach/orgs,https://api.github.com/users/rhshadrach/repos,https://api.github.com/users/rhshadrach/events{/privacy},https://api.github.com/users/rhshadrach/received_events,User,False
0,jbrockmendel,8078968,MDQ6VXNlcjgwNzg5Njg=,https://avatars.githubusercontent.com/u/8078968?v=4,,https://api.github.com/users/jbrockmendel,https://github.com/jbrockmendel,https://api.github.com/users/jbrockmendel/followers,https://api.github.com/users/jbrockmendel/following{/other_user},https://api.github.com/users/jbrockmendel/gists{/gist_id},https://api.github.com/users/jbrockmendel/starred{/owner}{/repo},https://api.github.com/users/jbrockmendel/subscriptions,https://api.github.com/users/jbrockmendel/orgs,https://api.github.com/users/jbrockmendel/repos,https://api.github.com/users/jbrockmendel/events{/privacy},https://api.github.com/users/jbrockmendel/received_events,User,False
0,shourya5,73142986,MDQ6VXNlcjczMTQyOTg2,https://avatars.githubusercontent.com/u/73142986?v=4,,https://api.github.com/users/shourya5,https://github.com/shourya5,https://api.github.com/users/shourya5/followers,https://api.github.com/users/shourya5/following{/other_user},https://api.github.com/users/shourya5/gists{/gist_id},https://api.github.com/users/shourya5/starred{/owner}{/repo},https://api.github.com/users/shourya5/subscriptions,https://api.github.com/users/shourya5/orgs,https://api.github.com/users/shourya5/repos,https://api.github.com/users/shourya5/events{/privacy},https://api.github.com/users/shourya5/received_events,User,False
0,adrienpacifico,6614121,MDQ6VXNlcjY2MTQxMjE=,https://avatars.githubusercontent.com/u/6614121?v=4,,https://api.github.com/users/adrienpacifico,https://github.com/adrienpacifico,https://api.github.com/users/adrienpacifico/followers,https://api.github.com/users/adrienpacifico/following{/other_user},https://api.github.com/users/adrienpacifico/gists{/gist_id},https://api.github.com/users/adrienpacifico/starred{/owner}{/repo},https://api.github.com/users/adrienpacifico/subscriptions,https://api.github.com/users/adrienpacifico/orgs,https://api.github.com/users/adrienpacifico/repos,https://api.github.com/users/adrienpacifico/events{/privacy},https://api.github.com/users/adrienpacifico/received_events,User,False
0,twoertwein,6618166,MDQ6VXNlcjY2MTgxNjY=,https://avatars.githubusercontent.com/u/6618166?v=4,,https://api.github.com/users/twoertwein,https://github.com/twoertwein,https://api.github.com/users/twoertwein/followers,https://api.github.com/users/twoertwein/following{/other_user},https://api.github.com/users/twoertwein/gists{/gist_id},https://api.github.com/users/twoertwein/starred{/owner}{/repo},https://api.github.com/users/twoertwein/subscriptions,https://api.github.com/users/twoertwein/orgs,https://api.github.com/users/twoertwein/repos,https://api.github.com/users/twoertwein/events{/privacy},https://api.github.com/users/twoertwein/received_events,User,False
0,attack68,24256554,MDQ6VXNlcjI0MjU2NTU0,https://avatars.githubusercontent.com/u/24256554?v=4,,https://api.github.com/users/attack68,https://github.com/attack68,https://api.github.com/users/attack68/followers,https://api.github.com/users/attack68/following{/other_user},https://api.github.com/users/attack68/gists{/gist_id},https://api.github.com/users/attack68/starred{/owner}{/repo},https://api.github.com/users/attack68/subscriptions,https://api.github.com/users/attack68/orgs,https://api.github.com/users/attack68/repos,https://api.github.com/users/attack68/events{/privacy},https://api.github.com/users/attack68/received_events,User,False
0,MarcoGorelli,33491632,MDQ6VXNlcjMzNDkxNjMy,https://avatars.githubusercontent.com/u/33491632?v=4,,https://api.github.com/users/MarcoGorelli,https://github.com/MarcoGorelli,https://api.github.com/users/MarcoGorelli/followers,https://api.github.com/users/MarcoGorelli/following{/other_user},https://api.github.com/users/MarcoGorelli/gists{/gist_id},https://api.github.com/users/MarcoGorelli/starred{/owner}{/repo},https://api.github.com/users/MarcoGorelli/subscriptions,https://api.github.com/users/MarcoGorelli/orgs,https://api.github.com/users/MarcoGorelli/repos,https://api.github.com/users/MarcoGorelli/events{/privacy},https://api.github.com/users/MarcoGorelli/received_events,User,False
0,MarcoGorelli,33491632,MDQ6VXNlcjMzNDkxNjMy,https://avatars.githubusercontent.com/u/33491632?v=4,,https://api.github.com/users/MarcoGorelli,https://github.com/MarcoGorelli,https://api.github.com/users/MarcoGorelli/followers,https://api.github.com/users/MarcoGorelli/following{/other_user},https://api.github.com/users/MarcoGorelli/gists{/gist_id},https://api.github.com/users/MarcoGorelli/starred{/owner}{/repo},https://api.github.com/users/MarcoGorelli/subscriptions,https://api.github.com/users/MarcoGorelli/orgs,https://api.github.com/users/MarcoGorelli/repos,https://api.github.com/users/MarcoGorelli/events{/privacy},https://api.github.com/users/MarcoGorelli/received_events,User,False
0,twoertwein,6618166,MDQ6VXNlcjY2MTgxNjY=,https://avatars.githubusercontent.com/u/6618166?v=4,,https://api.github.com/users/twoertwein,https://github.com/twoertwein,https://api.github.com/users/twoertwein/followers,https://api.github.com/users/twoertwein/following{/other_user},https://api.github.com/users/twoertwein/gists{/gist_id},https://api.github.com/users/twoertwein/starred{/owner}{/repo},https://api.github.com/users/twoertwein/subscriptions,https://api.github.com/users/twoertwein/orgs,https://api.github.com/users/twoertwein/repos,https://api.github.com/users/twoertwein/events{/privacy},https://api.github.com/users/twoertwein/received_events,User,False
0,jbrockmendel,8078968,MDQ6VXNlcjgwNzg5Njg=,https://avatars.githubusercontent.com/u/8078968?v=4,,https://api.github.com/users/jbrockmendel,https://github.com/jbrockmendel,https://api.github.com/users/jbrockmendel/followers,https://api.github.com/users/jbrockmendel/following{/other_user},https://api.github.com/users/jbrockmendel/gists{/gist_id},https://api.github.com/users/jbrockmendel/starred{/owner}{/repo},https://api.github.com/users/jbrockmendel/subscriptions,https://api.github.com/users/jbrockmendel/orgs,https://api.github.com/users/jbrockmendel/repos,https://api.github.com/users/jbrockmendel/events{/privacy},https://api.github.com/users/jbrockmendel/received_events,User,False
0,GivyBoy,58392771,MDQ6VXNlcjU4MzkyNzcx,https://avatars.githubusercontent.com/u/58392771?v=4,,https://api.github.com/users/GivyBoy,https://github.com/GivyBoy,https://api.github.com/users/GivyBoy/followers,https://api.github.com/users/GivyBoy/following{/other_user},https://api.github.com/users/GivyBoy/gists{/gist_id},https://api.github.com/users/GivyBoy/starred{/owner}{/repo},https://api.github.com/users/GivyBoy/subscriptions,https://api.github.com/users/GivyBoy/orgs,https://api.github.com/users/GivyBoy/repos,https://api.github.com/users/GivyBoy/events{/privacy},https://api.github.com/users/GivyBoy/received_events,User,False
0,mroeschke,10647082,MDQ6VXNlcjEwNjQ3MDgy,https://avatars.githubusercontent.com/u/10647082?v=4,,https://api.github.com/users/mroeschke,https://github.com/mroeschke,https://api.github.com/users/mroeschke/followers,https://api.github.com/users/mroeschke/following{/other_user},https://api.github.com/users/mroeschke/gists{/gist_id},https://api.github.com/users/mroeschke/starred{/owner}{/repo},https://api.github.com/users/mroeschke/subscriptions,https://api.github.com/users/mroeschke/orgs,https://api.github.com/users/mroeschke/repos,https://api.github.com/users/mroeschke/events{/privacy},https://api.github.com/users/mroeschke/received_events,User,False
0,SomtochiUmeh,74836691,MDQ6VXNlcjc0ODM2Njkx,https://avatars.githubusercontent.com/u/74836691?v=4,,https://api.github.com/users/SomtochiUmeh,https://github.com/SomtochiUmeh,https://api.github.com/users/SomtochiUmeh/followers,https://api.github.com/users/SomtochiUmeh/following{/other_user},https://api.github.com/users/SomtochiUmeh/gists{/gist_id},https://api.github.com/users/SomtochiUmeh/starred{/owner}{/repo},https://api.github.com/users/SomtochiUmeh/subscriptions,https://api.github.com/users/SomtochiUmeh/orgs,https://api.github.com/users/SomtochiUmeh/repos,https://api.github.com/users/SomtochiUmeh/events{/privacy},https://api.github.com/users/SomtochiUmeh/received_events,User,False
0,adrienpacifico,6614121,MDQ6VXNlcjY2MTQxMjE=,https://avatars.githubusercontent.com/u/6614121?v=4,,https://api.github.com/users/adrienpacifico,https://github.com/adrienpacifico,https://api.github.com/users/adrienpacifico/followers,https://api.github.com/users/adrienpacifico/following{/other_user},https://api.github.com/users/adrienpacifico/gists{/gist_id},https://api.github.com/users/adrienpacifico/starred{/owner}{/repo},https://api.github.com/users/adrienpacifico/subscriptions,https://api.github.com/users/adrienpacifico/orgs,https://api.github.com/users/adrienpacifico/repos,https://api.github.com/users/adrienpacifico/events{/privacy},https://api.github.com/users/adrienpacifico/received_events,User,False
0,Brinkhuis,3044985,MDQ6VXNlcjMwNDQ5ODU=,https://avatars.githubusercontent.com/u/3044985?v=4,,https://api.github.com/users/Brinkhuis,https://github.com/Brinkhuis,https://api.github.com/users/Brinkhuis/followers,https://api.github.com/users/Brinkhuis/following{/other_user},https://api.github.com/users/Brinkhuis/gists{/gist_id},https://api.github.com/users/Brinkhuis/starred{/owner}{/repo},https://api.github.com/users/Brinkhuis/subscriptions,https://api.github.com/users/Brinkhuis/orgs,https://api.github.com/users/Brinkhuis/repos,https://api.github.com/users/Brinkhuis/events{/privacy},https://api.github.com/users/Brinkhuis/received_events,User,False
0,mroeschke,10647082,MDQ6VXNlcjEwNjQ3MDgy,https://avatars.githubusercontent.com/u/10647082?v=4,,https://api.github.com/users/mroeschke,https://github.com/mroeschke,https://api.github.com/users/mroeschke/followers,https://api.github.com/users/mroeschke/following{/other_user},https://api.github.com/users/mroeschke/gists{/gist_id},https://api.github.com/users/mroeschke/starred{/owner}{/repo},https://api.github.com/users/mroeschke/subscriptions,https://api.github.com/users/mroeschke/orgs,https://api.github.com/users/mroeschke/repos,https://api.github.com/users/mroeschke/events{/privacy},https://api.github.com/users/mroeschke/received_events,User,False
0,twoertwein,6618166,MDQ6VXNlcjY2MTgxNjY=,https://avatars.githubusercontent.com/u/6618166?v=4,,https://api.github.com/users/twoertwein,https://github.com/twoertwein,https://api.github.com/users/twoertwein/followers,https://api.github.com/users/twoertwein/following{/other_user},https://api.github.com/users/twoertwein/gists{/gist_id},https://api.github.com/users/twoertwein/starred{/owner}{/repo},https://api.github.com/users/twoertwein/subscriptions,https://api.github.com/users/twoertwein/orgs,https://api.github.com/users/twoertwein/repos,https://api.github.com/users/twoertwein/events{/privacy},https://api.github.com/users/twoertwein/received_events,User,False
0,parthi-siva,25401444,MDQ6VXNlcjI1NDAxNDQ0,https://avatars.githubusercontent.com/u/25401444?v=4,,https://api.github.com/users/parthi-siva,https://github.com/parthi-siva,https://api.github.com/users/parthi-siva/followers,https://api.github.com/users/parthi-siva/following{/other_user},https://api.github.com/users/parthi-siva/gists{/gist_id},https://api.github.com/users/parthi-siva/starred{/owner}{/repo},https://api.github.com/users/parthi-siva/subscriptions,https://api.github.com/users/parthi-siva/orgs,https://api.github.com/users/parthi-siva/repos,https://api.github.com/users/parthi-siva/events{/privacy},https://api.github.com/users/parthi-siva/received_events,User,False
0,GeorgePearse,47161914,MDQ6VXNlcjQ3MTYxOTE0,https://avatars.githubusercontent.com/u/47161914?v=4,,https://api.github.com/users/GeorgePearse,https://github.com/GeorgePearse,https://api.github.com/users/GeorgePearse/followers,https://api.github.com/users/GeorgePearse/following{/other_user},https://api.github.com/users/GeorgePearse/gists{/gist_id},https://api.github.com/users/GeorgePearse/starred{/owner}{/repo},https://api.github.com/users/GeorgePearse/subscriptions,https://api.github.com/users/GeorgePearse/orgs,https://api.github.com/users/GeorgePearse/repos,https://api.github.com/users/GeorgePearse/events{/privacy},https://api.github.com/users/GeorgePearse/received_events,User,False
0,smarie,3236794,MDQ6VXNlcjMyMzY3OTQ=,https://avatars.githubusercontent.com/u/3236794?v=4,,https://api.github.com/users/smarie,https://github.com/smarie,https://api.github.com/users/smarie/followers,https://api.github.com/users/smarie/following{/other_user},https://api.github.com/users/smarie/gists{/gist_id},https://api.github.com/users/smarie/starred{/owner}{/repo},https://api.github.com/users/smarie/subscriptions,https://api.github.com/users/smarie/orgs,https://api.github.com/users/smarie/repos,https://api.github.com/users/smarie/events{/privacy},https://api.github.com/users/smarie/received_events,User,False
0,daviskirk,1049817,MDQ6VXNlcjEwNDk4MTc=,https://avatars.githubusercontent.com/u/1049817?v=4,,https://api.github.com/users/daviskirk,https://github.com/daviskirk,https://api.github.com/users/daviskirk/followers,https://api.github.com/users/daviskirk/following{/other_user},https://api.github.com/users/daviskirk/gists{/gist_id},https://api.github.com/users/daviskirk/starred{/owner}{/repo},https://api.github.com/users/daviskirk/subscriptions,https://api.github.com/users/daviskirk/orgs,https://api.github.com/users/daviskirk/repos,https://api.github.com/users/daviskirk/events{/privacy},https://api.github.com/users/daviskirk/received_events,User,False
0,mroeschke,10647082,MDQ6VXNlcjEwNjQ3MDgy,https://avatars.githubusercontent.com/u/10647082?v=4,,https://api.github.com/users/mroeschke,https://github.com/mroeschke,https://api.github.com/users/mroeschke/followers,https://api.github.com/users/mroeschke/following{/other_user},https://api.github.com/users/mroeschke/gists{/gist_id},https://api.github.com/users/mroeschke/starred{/owner}{/repo},https://api.github.com/users/mroeschke/subscriptions,https://api.github.com/users/mroeschke/orgs,https://api.github.com/users/mroeschke/repos,https://api.github.com/users/mroeschke/events{/privacy},https://api.github.com/users/mroeschke/received_events,User,False
0,Mehgarg,65103188,MDQ6VXNlcjY1MTAzMTg4,https://avatars.githubusercontent.com/u/65103188?v=4,,https://api.github.com/users/Mehgarg,https://github.com/Mehgarg,https://api.github.com/users/Mehgarg/followers,https://api.github.com/users/Mehgarg/following{/other_user},https://api.github.com/users/Mehgarg/gists{/gist_id},https://api.github.com/users/Mehgarg/starred{/owner}{/repo},https://api.github.com/users/Mehgarg/subscriptions,https://api.github.com/users/Mehgarg/orgs,https://api.github.com/users/Mehgarg/repos,https://api.github.com/users/Mehgarg/events{/privacy},https://api.github.com/users/Mehgarg/received_events,User,False
bzhaoopenstack,11386522,MDQ6VXNlcjExMzg2NTIy,https://avatars.githubusercontent.com/u/11386522?v=4,,https://api.github.com/users/bzhaoopenstack,https://github.com/bzhaoopenstack,https://api.github.com/users/bzhaoopenstack/followers,https://api.github.com/users/bzhaoopenstack/following{/other_user},https://api.github.com/users/bzhaoopenstack/gists{/gist_id},https://api.github.com/users/bzhaoopenstack/starred{/owner}{/repo},https://api.github.com/users/bzhaoopenstack/subscriptions,https://api.github.com/users/bzhaoopenstack/orgs,https://api.github.com/users/bzhaoopenstack/repos,https://api.github.com/users/bzhaoopenstack/events{/privacy},https://api.github.com/users/bzhaoopenstack/received_events,User,False
PriestlyAdejo,108146732,U_kgDOBnIwLA,https://avatars.githubusercontent.com/u/108146732?v=4,,https://api.github.com/users/PriestlyAdejo,https://github.com/PriestlyAdejo,https://api.github.com/users/PriestlyAdejo/followers,https://api.github.com/users/PriestlyAdejo/following{/other_user},https://api.github.com/users/PriestlyAdejo/gists{/gist_id},https://api.github.com/users/PriestlyAdejo/starred{/owner}{/repo},https://api.github.com/users/PriestlyAdejo/subscriptions,https://api.github.com/users/PriestlyAdejo/orgs,https://api.github.com/users/PriestlyAdejo/repos,https://api.github.com/users/PriestlyAdejo/events{/privacy},https://api.github.com/users/PriestlyAdejo/received_events,User,False
PriestlyAdejo,108146732,U_kgDOBnIwLA,https://avatars.githubusercontent.com/u/108146732?v=4,,https://api.github.com/users/PriestlyAdejo,https://github.com/PriestlyAdejo,https://api.github.com/users/PriestlyAdejo/followers,https://api.github.com/users/PriestlyAdejo/following{/other_user},https://api.github.com/users/PriestlyAdejo/gists{/gist_id},https://api.github.com/users/PriestlyAdejo/starred{/owner}{/repo},https://api.github.com/users/PriestlyAdejo/subscriptions,https://api.github.com/users/PriestlyAdejo/orgs,https://api.github.com/users/PriestlyAdejo/repos,https://api.github.com/users/PriestlyAdejo/events{/privacy},https://api.github.com/users/PriestlyAdejo/received_events,User,False
GivyBoy,58392771,MDQ6VXNlcjU4MzkyNzcx,https://avatars.githubusercontent.com/u/58392771?v=4,,https://api.github.com/users/GivyBoy,https://github.com/GivyBoy,https://api.github.com/users/GivyBoy/followers,https://api.github.com/users/GivyBoy/following{/other_user},https://api.github.com/users/GivyBoy/gists{/gist_id},https://api.github.com/users/GivyBoy/starred{/owner}{/repo},https://api.github.com/users/GivyBoy/subscriptions,https://api.github.com/users/GivyBoy/orgs,https://api.github.com/users/GivyBoy/repos,https://api.github.com/users/GivyBoy/events{/privacy},https://api.github.com/users/GivyBoy/received_events,User,False
mattB1989,13086632,MDQ6VXNlcjEzMDg2NjMy,https://avatars.githubusercontent.com/u/13086632?v=4,,https://api.github.com/users/mattB1989,https://github.com/mattB1989,https://api.github.com/users/mattB1989/followers,https://api.github.com/users/mattB1989/following{/other_user},https://api.github.com/users/mattB1989/gists{/gist_id},https://api.github.com/users/mattB1989/starred{/owner}{/repo},https://api.github.com/users/mattB1989/subscriptions,https://api.github.com/users/mattB1989/orgs,https://api.github.com/users/mattB1989/repos,https://api.github.com/users/mattB1989/events{/privacy},https://api.github.com/users/mattB1989/received_events,User,False
bherwerth,108834862,U_kgDOBnywLg,https://avatars.githubusercontent.com/u/108834862?v=4,,https://api.github.com/users/bherwerth,https://github.com/bherwerth,https://api.github.com/users/bherwerth/followers,https://api.github.com/users/bherwerth/following{/other_user},https://api.github.com/users/bherwerth/gists{/gist_id},https://api.github.com/users/bherwerth/starred{/owner}{/repo},https://api.github.com/users/bherwerth/subscriptions,https://api.github.com/users/bherwerth/orgs,https://api.github.com/users/bherwerth/repos,https://api.github.com/users/bherwerth/events{/privacy},https://api.github.com/users/bherwerth/received_events,User,False
ravindrabajpai,1445512,MDQ6VXNlcjE0NDU1MTI=,https://avatars.githubusercontent.com/u/1445512?v=4,,https://api.github.com/users/ravindrabajpai,https://github.com/ravindrabajpai,https://api.github.com/users/ravindrabajpai/followers,https://api.github.com/users/ravindrabajpai/following{/other_user},https://api.github.com/users/ravindrabajpai/gists{/gist_id},https://api.github.com/users/ravindrabajpai/starred{/owner}{/repo},https://api.github.com/users/ravindrabajpai/subscriptions,https://api.github.com/users/ravindrabajpai/orgs,https://api.github.com/users/ravindrabajpai/repos,https://api.github.com/users/ravindrabajpai/events{/privacy},https://api.github.com/users/ravindrabajpai/received_events,User,False
rhshadrach,45562402,MDQ6VXNlcjQ1NTYyNDAy,https://avatars.githubusercontent.com/u/45562402?v=4,,https://api.github.com/users/rhshadrach,https://github.com/rhshadrach,https://api.github.com/users/rhshadrach/followers,https://api.github.com/users/rhshadrach/following{/other_user},https://api.github.com/users/rhshadrach/gists{/gist_id},https://api.github.com/users/rhshadrach/starred{/owner}{/repo},https://api.github.com/users/rhshadrach/subscriptions,https://api.github.com/users/rhshadrach/orgs,https://api.github.com/users/rhshadrach/repos,https://api.github.com/users/rhshadrach/events{/privacy},https://api.github.com/users/rhshadrach/received_events,User,False
jbrockmendel,8078968,MDQ6VXNlcjgwNzg5Njg=,https://avatars.githubusercontent.com/u/8078968?v=4,,https://api.github.com/users/jbrockmendel,https://github.com/jbrockmendel,https://api.github.com/users/jbrockmendel/followers,https://api.github.com/users/jbrockmendel/following{/other_user},https://api.github.com/users/jbrockmendel/gists{/gist_id},https://api.github.com/users/jbrockmendel/starred{/owner}{/repo},https://api.github.com/users/jbrockmendel/subscriptions,https://api.github.com/users/jbrockmendel/orgs,https://api.github.com/users/jbrockmendel/repos,https://api.github.com/users/jbrockmendel/events{/privacy},https://api.github.com/users/jbrockmendel/received_events,User,False
shourya5,73142986,MDQ6VXNlcjczMTQyOTg2,https://avatars.githubusercontent.com/u/73142986?v=4,,https://api.github.com/users/shourya5,https://github.com/shourya5,https://api.github.com/users/shourya5/followers,https://api.github.com/users/shourya5/following{/other_user},https://api.github.com/users/shourya5/gists{/gist_id},https://api.github.com/users/shourya5/starred{/owner}{/repo},https://api.github.com/users/shourya5/subscriptions,https://api.github.com/users/shourya5/orgs,https://api.github.com/users/shourya5/repos,https://api.github.com/users/shourya5/events{/privacy},https://api.github.com/users/shourya5/received_events,User,False
adrienpacifico,6614121,MDQ6VXNlcjY2MTQxMjE=,https://avatars.githubusercontent.com/u/6614121?v=4,,https://api.github.com/users/adrienpacifico,https://github.com/adrienpacifico,https://api.github.com/users/adrienpacifico/followers,https://api.github.com/users/adrienpacifico/following{/other_user},https://api.github.com/users/adrienpacifico/gists{/gist_id},https://api.github.com/users/adrienpacifico/starred{/owner}{/repo},https://api.github.com/users/adrienpacifico/subscriptions,https://api.github.com/users/adrienpacifico/orgs,https://api.github.com/users/adrienpacifico/repos,https://api.github.com/users/adrienpacifico/events{/privacy},https://api.github.com/users/adrienpacifico/received_events,User,False
twoertwein,6618166,MDQ6VXNlcjY2MTgxNjY=,https://avatars.githubusercontent.com/u/6618166?v=4,,https://api.github.com/users/twoertwein,https://github.com/twoertwein,https://api.github.com/users/twoertwein/followers,https://api.github.com/users/twoertwein/following{/other_user},https://api.github.com/users/twoertwein/gists{/gist_id},https://api.github.com/users/twoertwein/starred{/owner}{/repo},https://api.github.com/users/twoertwein/subscriptions,https://api.github.com/users/twoertwein/orgs,https://api.github.com/users/twoertwein/repos,https://api.github.com/users/twoertwein/events{/privacy},https://api.github.com/users/twoertwein/received_events,User,False
attack68,24256554,MDQ6VXNlcjI0MjU2NTU0,https://avatars.githubusercontent.com/u/24256554?v=4,,https://api.github.com/users/attack68,https://github.com/attack68,https://api.github.com/users/attack68/followers,https://api.github.com/users/attack68/following{/other_user},https://api.github.com/users/attack68/gists{/gist_id},https://api.github.com/users/attack68/starred{/owner}{/repo},https://api.github.com/users/attack68/subscriptions,https://api.github.com/users/attack68/orgs,https://api.github.com/users/attack68/repos,https://api.github.com/users/attack68/events{/privacy},https://api.github.com/users/attack68/received_events,User,False
MarcoGorelli,33491632,MDQ6VXNlcjMzNDkxNjMy,https://avatars.githubusercontent.com/u/33491632?v=4,,https://api.github.com/users/MarcoGorelli,https://github.com/MarcoGorelli,https://api.github.com/users/MarcoGorelli/followers,https://api.github.com/users/MarcoGorelli/following{/other_user},https://api.github.com/users/MarcoGorelli/gists{/gist_id},https://api.github.com/users/MarcoGorelli/starred{/owner}{/repo},https://api.github.com/users/MarcoGorelli/subscriptions,https://api.github.com/users/MarcoGorelli/orgs,https://api.github.com/users/MarcoGorelli/repos,https://api.github.com/users/MarcoGorelli/events{/privacy},https://api.github.com/users/MarcoGorelli/received_events,User,False
MarcoGorelli,33491632,MDQ6VXNlcjMzNDkxNjMy,https://avatars.githubusercontent.com/u/33491632?v=4,,https://api.github.com/users/MarcoGorelli,https://github.com/MarcoGorelli,https://api.github.com/users/MarcoGorelli/followers,https://api.github.com/users/MarcoGorelli/following{/other_user},https://api.github.com/users/MarcoGorelli/gists{/gist_id},https://api.github.com/users/MarcoGorelli/starred{/owner}{/repo},https://api.github.com/users/MarcoGorelli/subscriptions,https://api.github.com/users/MarcoGorelli/orgs,https://api.github.com/users/MarcoGorelli/repos,https://api.github.com/users/MarcoGorelli/events{/privacy},https://api.github.com/users/MarcoGorelli/received_events,User,False
twoertwein,6618166,MDQ6VXNlcjY2MTgxNjY=,https://avatars.githubusercontent.com/u/6618166?v=4,,https://api.github.com/users/twoertwein,https://github.com/twoertwein,https://api.github.com/users/twoertwein/followers,https://api.github.com/users/twoertwein/following{/other_user},https://api.github.com/users/twoertwein/gists{/gist_id},https://api.github.com/users/twoertwein/starred{/owner}{/repo},https://api.github.com/users/twoertwein/subscriptions,https://api.github.com/users/twoertwein/orgs,https://api.github.com/users/twoertwein/repos,https://api.github.com/users/twoertwein/events{/privacy},https://api.github.com/users/twoertwein/received_events,User,False
jbrockmendel,8078968,MDQ6VXNlcjgwNzg5Njg=,https://avatars.githubusercontent.com/u/8078968?v=4,,https://api.github.com/users/jbrockmendel,https://github.com/jbrockmendel,https://api.github.com/users/jbrockmendel/followers,https://api.github.com/users/jbrockmendel/following{/other_user},https://api.github.com/users/jbrockmendel/gists{/gist_id},https://api.github.com/users/jbrockmendel/starred{/owner}{/repo},https://api.github.com/users/jbrockmendel/subscriptions,https://api.github.com/users/jbrockmendel/orgs,https://api.github.com/users/jbrockmendel/repos,https://api.github.com/users/jbrockmendel/events{/privacy},https://api.github.com/users/jbrockmendel/received_events,User,False
GivyBoy,58392771,MDQ6VXNlcjU4MzkyNzcx,https://avatars.githubusercontent.com/u/58392771?v=4,,https://api.github.com/users/GivyBoy,https://github.com/GivyBoy,https://api.github.com/users/GivyBoy/followers,https://api.github.com/users/GivyBoy/following{/other_user},https://api.github.com/users/GivyBoy/gists{/gist_id},https://api.github.com/users/GivyBoy/starred{/owner}{/repo},https://api.github.com/users/GivyBoy/subscriptions,https://api.github.com/users/GivyBoy/orgs,https://api.github.com/users/GivyBoy/repos,https://api.github.com/users/GivyBoy/events{/privacy},https://api.github.com/users/GivyBoy/received_events,User,False
mroeschke,10647082,MDQ6VXNlcjEwNjQ3MDgy,https://avatars.githubusercontent.com/u/10647082?v=4,,https://api.github.com/users/mroeschke,https://github.com/mroeschke,https://api.github.com/users/mroeschke/followers,https://api.github.com/users/mroeschke/following{/other_user},https://api.github.com/users/mroeschke/gists{/gist_id},https://api.github.com/users/mroeschke/starred{/owner}{/repo},https://api.github.com/users/mroeschke/subscriptions,https://api.github.com/users/mroeschke/orgs,https://api.github.com/users/mroeschke/repos,https://api.github.com/users/mroeschke/events{/privacy},https://api.github.com/users/mroeschke/received_events,User,False
SomtochiUmeh,74836691,MDQ6VXNlcjc0ODM2Njkx,https://avatars.githubusercontent.com/u/74836691?v=4,,https://api.github.com/users/SomtochiUmeh,https://github.com/SomtochiUmeh,https://api.github.com/users/SomtochiUmeh/followers,https://api.github.com/users/SomtochiUmeh/following{/other_user},https://api.github.com/users/SomtochiUmeh/gists{/gist_id},https://api.github.com/users/SomtochiUmeh/starred{/owner}{/repo},https://api.github.com/users/SomtochiUmeh/subscriptions,https://api.github.com/users/SomtochiUmeh/orgs,https://api.github.com/users/SomtochiUmeh/repos,https://api.github.com/users/SomtochiUmeh/events{/privacy},https://api.github.com/users/SomtochiUmeh/received_events,User,False
adrienpacifico,6614121,MDQ6VXNlcjY2MTQxMjE=,https://avatars.githubusercontent.com/u/6614121?v=4,,https://api.github.com/users/adrienpacifico,https://github.com/adrienpacifico,https://api.github.com/users/adrienpacifico/followers,https://api.github.com/users/adrienpacifico/following{/other_user},https://api.github.com/users/adrienpacifico/gists{/gist_id},https://api.github.com/users/adrienpacifico/starred{/owner}{/repo},https://api.github.com/users/adrienpacifico/subscriptions,https://api.github.com/users/adrienpacifico/orgs,https://api.github.com/users/adrienpacifico/repos,https://api.github.com/users/adrienpacifico/events{/privacy},https://api.github.com/users/adrienpacifico/received_events,User,False
Brinkhuis,3044985,MDQ6VXNlcjMwNDQ5ODU=,https://avatars.githubusercontent.com/u/3044985?v=4,,https://api.github.com/users/Brinkhuis,https://github.com/Brinkhuis,https://api.github.com/users/Brinkhuis/followers,https://api.github.com/users/Brinkhuis/following{/other_user},https://api.github.com/users/Brinkhuis/gists{/gist_id},https://api.github.com/users/Brinkhuis/starred{/owner}{/repo},https://api.github.com/users/Brinkhuis/subscriptions,https://api.github.com/users/Brinkhuis/orgs,https://api.github.com/users/Brinkhuis/repos,https://api.github.com/users/Brinkhuis/events{/privacy},https://api.github.com/users/Brinkhuis/received_events,User,False
mroeschke,10647082,MDQ6VXNlcjEwNjQ3MDgy,https://avatars.githubusercontent.com/u/10647082?v=4,,https://api.github.com/users/mroeschke,https://github.com/mroeschke,https://api.github.com/users/mroeschke/followers,https://api.github.com/users/mroeschke/following{/other_user},https://api.github.com/users/mroeschke/gists{/gist_id},https://api.github.com/users/mroeschke/starred{/owner}{/repo},https://api.github.com/users/mroeschke/subscriptions,https://api.github.com/users/mroeschke/orgs,https://api.github.com/users/mroeschke/repos,https://api.github.com/users/mroeschke/events{/privacy},https://api.github.com/users/mroeschke/received_events,User,False
twoertwein,6618166,MDQ6VXNlcjY2MTgxNjY=,https://avatars.githubusercontent.com/u/6618166?v=4,,https://api.github.com/users/twoertwein,https://github.com/twoertwein,https://api.github.com/users/twoertwein/followers,https://api.github.com/users/twoertwein/following{/other_user},https://api.github.com/users/twoertwein/gists{/gist_id},https://api.github.com/users/twoertwein/starred{/owner}{/repo},https://api.github.com/users/twoertwein/subscriptions,https://api.github.com/users/twoertwein/orgs,https://api.github.com/users/twoertwein/repos,https://api.github.com/users/twoertwein/events{/privacy},https://api.github.com/users/twoertwein/received_events,User,False
parthi-siva,25401444,MDQ6VXNlcjI1NDAxNDQ0,https://avatars.githubusercontent.com/u/25401444?v=4,,https://api.github.com/users/parthi-siva,https://github.com/parthi-siva,https://api.github.com/users/parthi-siva/followers,https://api.github.com/users/parthi-siva/following{/other_user},https://api.github.com/users/parthi-siva/gists{/gist_id},https://api.github.com/users/parthi-siva/starred{/owner}{/repo},https://api.github.com/users/parthi-siva/subscriptions,https://api.github.com/users/parthi-siva/orgs,https://api.github.com/users/parthi-siva/repos,https://api.github.com/users/parthi-siva/events{/privacy},https://api.github.com/users/parthi-siva/received_events,User,False
GeorgePearse,47161914,MDQ6VXNlcjQ3MTYxOTE0,https://avatars.githubusercontent.com/u/47161914?v=4,,https://api.github.com/users/GeorgePearse,https://github.com/GeorgePearse,https://api.github.com/users/GeorgePearse/followers,https://api.github.com/users/GeorgePearse/following{/other_user},https://api.github.com/users/GeorgePearse/gists{/gist_id},https://api.github.com/users/GeorgePearse/starred{/owner}{/repo},https://api.github.com/users/GeorgePearse/subscriptions,https://api.github.com/users/GeorgePearse/orgs,https://api.github.com/users/GeorgePearse/repos,https://api.github.com/users/GeorgePearse/events{/privacy},https://api.github.com/users/GeorgePearse/received_events,User,False
smarie,3236794,MDQ6VXNlcjMyMzY3OTQ=,https://avatars.githubusercontent.com/u/3236794?v=4,,https://api.github.com/users/smarie,https://github.com/smarie,https://api.github.com/users/smarie/followers,https://api.github.com/users/smarie/following{/other_user},https://api.github.com/users/smarie/gists{/gist_id},https://api.github.com/users/smarie/starred{/owner}{/repo},https://api.github.com/users/smarie/subscriptions,https://api.github.com/users/smarie/orgs,https://api.github.com/users/smarie/repos,https://api.github.com/users/smarie/events{/privacy},https://api.github.com/users/smarie/received_events,User,False
daviskirk,1049817,MDQ6VXNlcjEwNDk4MTc=,https://avatars.githubusercontent.com/u/1049817?v=4,,https://api.github.com/users/daviskirk,https://github.com/daviskirk,https://api.github.com/users/daviskirk/followers,https://api.github.com/users/daviskirk/following{/other_user},https://api.github.com/users/daviskirk/gists{/gist_id},https://api.github.com/users/daviskirk/starred{/owner}{/repo},https://api.github.com/users/daviskirk/subscriptions,https://api.github.com/users/daviskirk/orgs,https://api.github.com/users/daviskirk/repos,https://api.github.com/users/daviskirk/events{/privacy},https://api.github.com/users/daviskirk/received_events,User,False
mroeschke,10647082,MDQ6VXNlcjEwNjQ3MDgy,https://avatars.githubusercontent.com/u/10647082?v=4,,https://api.github.com/users/mroeschke,https://github.com/mroeschke,https://api.github.com/users/mroeschke/followers,https://api.github.com/users/mroeschke/following{/other_user},https://api.github.com/users/mroeschke/gists{/gist_id},https://api.github.com/users/mroeschke/starred{/owner}{/repo},https://api.github.com/users/mroeschke/subscriptions,https://api.github.com/users/mroeschke/orgs,https://api.github.com/users/mroeschke/repos,https://api.github.com/users/mroeschke/events{/privacy},https://api.github.com/users/mroeschke/received_events,User,False
Mehgarg,65103188,MDQ6VXNlcjY1MTAzMTg4,https://avatars.githubusercontent.com/u/65103188?v=4,,https://api.github.com/users/Mehgarg,https://github.com/Mehgarg,https://api.github.com/users/Mehgarg/followers,https://api.github.com/users/Mehgarg/following{/other_user},https://api.github.com/users/Mehgarg/gists{/gist_id},https://api.github.com/users/Mehgarg/starred{/owner}{/repo},https://api.github.com/users/Mehgarg/subscriptions,https://api.github.com/users/Mehgarg/orgs,https://api.github.com/users/Mehgarg/repos,https://api.github.com/users/Mehgarg/events{/privacy},https://api.github.com/users/Mehgarg/received_events,User,False
